app,task_id,reps,successes,timeouts,failures,errors,success_rate,median_steps,answer_consistent,unique_successful_answers,bridge_crashes,context_window_exceeded,admin_login_failed,empty_first_obs,goto_timeout,chromium_crashes,passes_filter,drop_code,drop_reason
gitlab,44,3,3,0,0,0,1.00,1.0,True,1,0,0,0,0,0,0,False,trivial_task,Median successful step count < 3 — a11y tree contributes little (variant manipulation cannot produce measurable effect) (median=1 < 3)
gitlab,45,3,3,0,0,0,1.00,2.0,True,1,0,0,0,0,0,0,False,trivial_task,Median successful step count < 3 — a11y tree contributes little (variant manipulation cannot produce measurable effect) (median=2 < 3)
gitlab,46,3,3,0,0,0,1.00,2.0,False,2,0,0,0,0,0,0,False,trivial_task,Median successful step count < 3 — a11y tree contributes little (variant manipulation cannot produce measurable effect) (median=2 < 3)
gitlab,102,3,2,0,0,1,0.67,10.0,True,1,0,0,0,0,0,0,False,harness_errors,Bridge/harness errors outside agent control (1 errored reps)
gitlab,103,3,0,0,2,1,0.00,4.0,True,0,0,0,0,0,0,0,False,harness_errors,Bridge/harness errors outside agent control (1 errored reps)
gitlab,104,3,0,0,0,3,0.00,15.0,True,0,0,0,0,0,0,0,False,harness_errors,Bridge/harness errors outside agent control (3 errored reps)
gitlab,105,3,3,0,0,0,1.00,8.0,True,1,0,0,0,0,0,0,False,state_mutation,BrowserGym eval uses url_match/program_html — task mutates shared Docker state; 156 writes per task under Stage-3 matrix would accumulate drift (see docs/analysis/mode-a-docker-confounds.md) (eval_types=['url_match'])
gitlab,106,3,0,0,0,3,0.00,16.0,True,0,0,0,0,0,0,0,False,harness_errors,Bridge/harness errors outside agent control (3 errored reps)
gitlab,132,3,3,0,0,0,1.00,3.0,True,1,0,0,0,0,0,0,False,trivial_ref,All must_include tokens are ≤2 chars or canned (yes/no/done/...) — substring-match false positives are asymmetric under manipulation (confused agent answers still match) — all must_include tokens trivially guessable: '1'
gitlab,133,3,3,0,0,0,1.00,3.0,True,1,0,0,0,0,0,0,False,trivial_ref,All must_include tokens are ≤2 chars or canned (yes/no/done/...) — substring-match false positives are asymmetric under manipulation (confused agent answers still match) — all must_include tokens trivially guessable: '2'
gitlab,134,3,3,0,0,0,1.00,4.0,True,1,0,0,0,0,0,0,False,trivial_ref,All must_include tokens are ≤2 chars or canned (yes/no/done/...) — substring-match false positives are asymmetric under manipulation (confused agent answers still match) — all must_include tokens trivially guessable: '0'
gitlab,135,3,3,0,0,0,1.00,4.0,True,1,0,0,0,0,0,0,False,trivial_ref,All must_include tokens are ≤2 chars or canned (yes/no/done/...) — substring-match false positives are asymmetric under manipulation (confused agent answers still match) — all must_include tokens trivially guessable: '1'
gitlab,136,3,3,0,0,0,1.00,3.0,True,1,0,0,0,0,0,0,False,trivial_ref,All must_include tokens are ≤2 chars or canned (yes/no/done/...) — substring-match false positives are asymmetric under manipulation (confused agent answers still match) — all must_include tokens trivially guessable: '5'
gitlab,156,3,3,0,0,0,1.00,2.0,True,1,0,0,0,0,0,0,False,trivial_task,Median successful step count < 3 — a11y tree contributes little (variant manipulation cannot produce measurable effect) (median=2 < 3)
gitlab,168,3,0,0,0,3,0.00,5.0,True,0,0,0,0,0,0,0,False,harness_errors,Bridge/harness errors outside agent control (3 errored reps)
gitlab,169,3,1,0,0,2,0.33,3.0,True,1,0,0,0,0,0,0,False,harness_errors,Bridge/harness errors outside agent control (2 errored reps)
gitlab,170,3,0,0,0,3,0.00,2.0,True,0,0,0,0,0,0,0,False,harness_errors,Bridge/harness errors outside agent control (3 errored reps)
gitlab,171,3,0,0,0,3,0.00,4.0,True,0,0,0,0,0,0,0,False,harness_errors,Bridge/harness errors outside agent control (3 errored reps)
gitlab,172,3,0,0,0,3,0.00,4.0,True,0,0,0,0,0,0,0,False,harness_errors,Bridge/harness errors outside agent control (3 errored reps)
gitlab,173,3,3,0,0,0,1.00,3.0,True,1,0,0,0,0,0,0,False,state_mutation,"BrowserGym eval uses url_match/program_html — task mutates shared Docker state; 156 writes per task under Stage-3 matrix would accumulate drift (see docs/analysis/mode-a-docker-confounds.md) (eval_types=['string_match', 'url_match'])"
gitlab,174,3,0,0,0,3,0.00,7.0,True,0,0,0,0,0,0,0,False,harness_errors,Bridge/harness errors outside agent control (3 errored reps)
gitlab,175,3,3,0,0,0,1.00,3.0,False,3,0,0,0,0,0,0,False,state_mutation,"BrowserGym eval uses url_match/program_html — task mutates shared Docker state; 156 writes per task under Stage-3 matrix would accumulate drift (see docs/analysis/mode-a-docker-confounds.md) (eval_types=['string_match', 'url_match'])"
gitlab,176,3,3,0,0,0,1.00,3.0,False,3,0,0,0,0,0,0,False,state_mutation,"BrowserGym eval uses url_match/program_html — task mutates shared Docker state; 156 writes per task under Stage-3 matrix would accumulate drift (see docs/analysis/mode-a-docker-confounds.md) (eval_types=['string_match', 'url_match'])"
gitlab,177,3,1,0,0,2,0.33,7.0,True,1,0,0,0,0,0,0,False,harness_errors,Bridge/harness errors outside agent control (2 errored reps)
gitlab,178,3,0,0,0,3,0.00,3.0,True,0,0,0,0,0,0,0,False,harness_errors,Bridge/harness errors outside agent control (3 errored reps)
gitlab,179,3,0,0,0,3,0.00,3.0,True,0,0,0,0,0,0,0,False,harness_errors,Bridge/harness errors outside agent control (3 errored reps)
gitlab,180,3,0,0,0,3,0.00,3.0,True,0,0,0,0,0,0,0,False,harness_errors,Bridge/harness errors outside agent control (3 errored reps)
gitlab,181,3,0,0,0,3,0.00,3.0,True,0,0,0,0,0,0,0,False,harness_errors,Bridge/harness errors outside agent control (3 errored reps)
gitlab,182,3,2,0,0,1,0.67,7.0,True,1,0,0,0,0,0,0,False,harness_errors,Bridge/harness errors outside agent control (1 errored reps)
gitlab,205,3,3,0,0,0,1.00,2.0,True,1,0,0,0,0,0,0,False,trivial_task,Median successful step count < 3 — a11y tree contributes little (variant manipulation cannot produce measurable effect) (median=2 < 3)
gitlab,206,3,3,0,0,0,1.00,2.0,True,1,0,0,0,0,0,0,False,trivial_task,Median successful step count < 3 — a11y tree contributes little (variant manipulation cannot produce measurable effect) (median=2 < 3)
gitlab,207,3,3,0,0,0,1.00,3.0,True,1,0,0,0,0,0,0,False,trivial_ref,All must_include tokens are ≤2 chars or canned (yes/no/done/...) — substring-match false positives are asymmetric under manipulation (confused agent answers still match) — all must_include tokens trivially guessable: '1'
gitlab,258,3,3,0,0,0,1.00,1.0,True,1,0,0,0,0,0,0,False,trivial_task,Median successful step count < 3 — a11y tree contributes little (variant manipulation cannot produce measurable effect) (median=1 < 3)
gitlab,259,3,3,0,0,0,1.00,5.0,True,1,0,0,0,0,0,0,True,included,Base-solvable task (passes all gates; used in Stage 3 manipulation)
gitlab,293,3,0,0,0,3,0.00,6.0,True,0,0,0,0,0,0,0,False,harness_errors,Bridge/harness errors outside agent control (3 errored reps)
gitlab,294,3,0,0,0,3,0.00,5.0,True,0,0,0,0,0,0,0,False,harness_errors,Bridge/harness errors outside agent control (3 errored reps)
gitlab,295,3,0,0,0,3,0.00,5.0,True,0,0,0,0,0,0,0,False,harness_errors,Bridge/harness errors outside agent control (3 errored reps)
gitlab,296,3,0,0,0,3,0.00,5.0,True,0,0,0,0,0,0,0,False,harness_errors,Bridge/harness errors outside agent control (3 errored reps)
gitlab,297,3,0,0,0,3,0.00,11.0,True,0,0,0,0,0,0,0,False,harness_errors,Bridge/harness errors outside agent control (3 errored reps)
gitlab,303,3,3,0,0,0,1.00,6.0,True,1,0,0,0,0,0,0,False,trivial_ref,All must_include tokens are ≤2 chars or canned (yes/no/done/...) — substring-match false positives are asymmetric under manipulation (confused agent answers still match) — all must_include tokens trivially guessable: '1'
gitlab,304,3,3,0,0,0,1.00,6.0,True,1,0,0,0,0,0,0,False,trivial_ref,All must_include tokens are ≤2 chars or canned (yes/no/done/...) — substring-match false positives are asymmetric under manipulation (confused agent answers still match) — all must_include tokens trivially guessable: '14'
gitlab,305,3,3,0,0,0,1.00,3.0,True,1,0,0,0,0,0,0,False,trivial_ref,All must_include tokens are ≤2 chars or canned (yes/no/done/...) — substring-match false positives are asymmetric under manipulation (confused agent answers still match) — all must_include tokens trivially guessable: '0'
gitlab,306,3,3,0,0,0,1.00,10.0,False,3,0,0,0,0,0,0,False,trivial_ref,All must_include tokens are ≤2 chars or canned (yes/no/done/...) — substring-match false positives are asymmetric under manipulation (confused agent answers still match) — all must_include tokens trivially guessable: '0'
gitlab,307,3,0,0,0,3,0.00,10.0,True,0,0,0,0,0,0,0,False,harness_errors,Bridge/harness errors outside agent control (3 errored reps)
gitlab,308,3,3,0,0,0,1.00,8.0,True,1,0,0,0,0,0,0,True,included,Base-solvable task (passes all gates; used in Stage 3 manipulation)
gitlab,309,3,3,0,0,0,1.00,8.0,True,1,0,0,0,0,0,0,True,included,Base-solvable task (passes all gates; used in Stage 3 manipulation)
gitlab,310,3,3,0,0,0,1.00,7.0,True,1,0,0,0,0,0,0,True,included,Base-solvable task (passes all gates; used in Stage 3 manipulation)
gitlab,311,3,3,0,0,0,1.00,6.0,True,1,0,0,0,0,0,0,True,included,Base-solvable task (passes all gates; used in Stage 3 manipulation)
gitlab,312,3,3,0,0,0,1.00,6.0,True,1,0,0,0,0,0,0,True,included,Base-solvable task (passes all gates; used in Stage 3 manipulation)
gitlab,314,3,3,0,0,0,1.00,10.0,True,1,0,0,0,0,0,0,True,included,Base-solvable task (passes all gates; used in Stage 3 manipulation)
gitlab,315,3,2,0,0,1,0.67,6.0,True,1,0,0,0,0,0,0,False,harness_errors,Bridge/harness errors outside agent control (1 errored reps)
gitlab,316,3,3,0,0,0,1.00,8.0,True,1,0,0,0,0,0,0,True,included,Base-solvable task (passes all gates; used in Stage 3 manipulation)
gitlab,317,3,0,0,0,3,0.00,6.0,True,0,0,0,0,0,0,0,False,harness_errors,Bridge/harness errors outside agent control (3 errored reps)
gitlab,318,3,3,0,0,0,1.00,4.0,True,1,0,0,0,0,0,0,True,included,Base-solvable task (passes all gates; used in Stage 3 manipulation)
gitlab,339,3,0,0,0,3,0.00,5.0,True,0,0,0,0,0,0,0,False,harness_errors,Bridge/harness errors outside agent control (3 errored reps)
gitlab,340,3,0,0,0,3,0.00,4.0,True,0,0,0,0,0,0,0,False,harness_errors,Bridge/harness errors outside agent control (3 errored reps)
gitlab,341,3,2,0,0,1,0.67,4.0,True,1,0,0,0,0,0,0,False,harness_errors,Bridge/harness errors outside agent control (1 errored reps)
gitlab,342,3,0,0,0,3,0.00,10.0,True,0,0,0,0,0,0,0,False,harness_errors,Bridge/harness errors outside agent control (3 errored reps)
gitlab,343,3,0,0,0,3,0.00,9.0,True,0,0,0,0,0,0,0,False,harness_errors,Bridge/harness errors outside agent control (3 errored reps)
gitlab,349,3,1,0,0,2,0.33,9.0,True,1,0,0,0,0,0,0,False,harness_errors,Bridge/harness errors outside agent control (2 errored reps)
gitlab,350,3,3,0,0,0,1.00,8.0,False,3,0,0,0,0,0,0,True,included,Base-solvable task (passes all gates; used in Stage 3 manipulation)
gitlab,357,3,3,0,0,0,1.00,2.0,True,1,0,0,0,0,0,0,False,trivial_task,Median successful step count < 3 — a11y tree contributes little (variant manipulation cannot produce measurable effect) (median=2 < 3)
gitlab,389,3,3,0,0,0,1.00,1.0,True,1,0,0,0,0,0,0,False,trivial_task,Median successful step count < 3 — a11y tree contributes little (variant manipulation cannot produce measurable effect) (median=1 < 3)
gitlab,390,3,3,0,0,0,1.00,1.0,True,1,0,0,0,0,0,0,False,trivial_task,Median successful step count < 3 — a11y tree contributes little (variant manipulation cannot produce measurable effect) (median=1 < 3)
gitlab,391,3,3,0,0,0,1.00,6.0,True,1,0,0,0,0,0,0,False,state_mutation,BrowserGym eval uses url_match/program_html — task mutates shared Docker state; 156 writes per task under Stage-3 matrix would accumulate drift (see docs/analysis/mode-a-docker-confounds.md) (eval_types=['program_html'])
gitlab,392,3,3,0,0,0,1.00,1.0,True,1,0,0,0,0,0,0,False,trivial_task,Median successful step count < 3 — a11y tree contributes little (variant manipulation cannot produce measurable effect) (median=1 < 3)
gitlab,393,3,3,0,0,0,1.00,1.0,True,1,0,0,0,0,0,0,False,trivial_task,Median successful step count < 3 — a11y tree contributes little (variant manipulation cannot produce measurable effect) (median=1 < 3)
gitlab,394,3,3,0,0,0,1.00,1.0,True,1,0,0,0,0,0,0,False,trivial_task,Median successful step count < 3 — a11y tree contributes little (variant manipulation cannot produce measurable effect) (median=1 < 3)
gitlab,395,3,3,0,0,0,1.00,1.0,True,1,0,0,0,0,0,0,False,trivial_task,Median successful step count < 3 — a11y tree contributes little (variant manipulation cannot produce measurable effect) (median=1 < 3)
gitlab,396,3,1,2,0,0,0.33,30.0,True,1,0,0,0,0,0,0,False,stochastic_base,<3/3 reps succeeded — baseline is non-deterministic (retained as Tier-2 reference) (1/3 success)
gitlab,397,3,3,0,0,0,1.00,1.0,True,1,0,0,0,0,0,0,False,trivial_task,Median successful step count < 3 — a11y tree contributes little (variant manipulation cannot produce measurable effect) (median=1 < 3)
gitlab,398,3,0,0,3,0,0.00,23.0,True,0,0,0,0,0,0,0,False,stochastic_base,<3/3 reps succeeded — baseline is non-deterministic (retained as Tier-2 reference) (0/3 success)
gitlab,411,3,3,0,0,0,1.00,16.0,True,1,0,0,0,0,0,0,False,state_mutation,BrowserGym eval uses url_match/program_html — task mutates shared Docker state; 156 writes per task under Stage-3 matrix would accumulate drift (see docs/analysis/mode-a-docker-confounds.md) (eval_types=['program_html'])
gitlab,412,3,3,0,0,0,1.00,13.0,False,2,0,0,0,0,0,0,False,state_mutation,BrowserGym eval uses url_match/program_html — task mutates shared Docker state; 156 writes per task under Stage-3 matrix would accumulate drift (see docs/analysis/mode-a-docker-confounds.md) (eval_types=['program_html'])
gitlab,413,3,3,0,0,0,1.00,12.0,False,2,0,0,0,0,0,0,False,state_mutation,BrowserGym eval uses url_match/program_html — task mutates shared Docker state; 156 writes per task under Stage-3 matrix would accumulate drift (see docs/analysis/mode-a-docker-confounds.md) (eval_types=['program_html'])
gitlab,414,3,3,0,0,0,1.00,5.0,True,1,0,0,0,0,0,0,False,state_mutation,BrowserGym eval uses url_match/program_html — task mutates shared Docker state; 156 writes per task under Stage-3 matrix would accumulate drift (see docs/analysis/mode-a-docker-confounds.md) (eval_types=['program_html'])
gitlab,415,3,2,0,0,1,0.67,19.0,True,1,0,0,0,0,0,0,False,harness_errors,Bridge/harness errors outside agent control (1 errored reps)
gitlab,416,3,3,0,0,0,1.00,7.0,False,2,0,0,0,0,0,0,False,state_mutation,BrowserGym eval uses url_match/program_html — task mutates shared Docker state; 156 writes per task under Stage-3 matrix would accumulate drift (see docs/analysis/mode-a-docker-confounds.md) (eval_types=['program_html'])
gitlab,417,3,3,0,0,0,1.00,9.0,True,1,0,0,0,0,0,0,False,state_mutation,BrowserGym eval uses url_match/program_html — task mutates shared Docker state; 156 writes per task under Stage-3 matrix would accumulate drift (see docs/analysis/mode-a-docker-confounds.md) (eval_types=['program_html'])
gitlab,418,3,3,0,0,0,1.00,7.0,True,1,0,0,0,0,0,0,False,state_mutation,BrowserGym eval uses url_match/program_html — task mutates shared Docker state; 156 writes per task under Stage-3 matrix would accumulate drift (see docs/analysis/mode-a-docker-confounds.md) (eval_types=['program_html'])
gitlab,419,3,3,0,0,0,1.00,4.0,True,1,0,0,0,0,0,0,False,state_mutation,BrowserGym eval uses url_match/program_html — task mutates shared Docker state; 156 writes per task under Stage-3 matrix would accumulate drift (see docs/analysis/mode-a-docker-confounds.md) (eval_types=['program_html'])
gitlab,420,3,3,0,0,0,1.00,6.0,True,1,0,0,0,0,0,0,False,state_mutation,BrowserGym eval uses url_match/program_html — task mutates shared Docker state; 156 writes per task under Stage-3 matrix would accumulate drift (see docs/analysis/mode-a-docker-confounds.md) (eval_types=['program_html'])
gitlab,421,3,3,0,0,0,1.00,4.0,True,1,0,0,0,0,0,0,False,state_mutation,BrowserGym eval uses url_match/program_html — task mutates shared Docker state; 156 writes per task under Stage-3 matrix would accumulate drift (see docs/analysis/mode-a-docker-confounds.md) (eval_types=['program_html'])
gitlab,422,3,3,0,0,0,1.00,4.0,True,1,0,0,0,0,0,0,False,state_mutation,BrowserGym eval uses url_match/program_html — task mutates shared Docker state; 156 writes per task under Stage-3 matrix would accumulate drift (see docs/analysis/mode-a-docker-confounds.md) (eval_types=['program_html'])
gitlab,441,3,3,0,0,0,1.00,4.0,True,1,0,0,0,0,0,0,False,state_mutation,BrowserGym eval uses url_match/program_html — task mutates shared Docker state; 156 writes per task under Stage-3 matrix would accumulate drift (see docs/analysis/mode-a-docker-confounds.md) (eval_types=['program_html'])
gitlab,442,3,3,0,0,0,1.00,4.0,True,1,0,0,0,0,0,0,False,state_mutation,BrowserGym eval uses url_match/program_html — task mutates shared Docker state; 156 writes per task under Stage-3 matrix would accumulate drift (see docs/analysis/mode-a-docker-confounds.md) (eval_types=['program_html'])
gitlab,443,3,3,0,0,0,1.00,4.0,True,1,0,0,0,0,0,0,False,state_mutation,BrowserGym eval uses url_match/program_html — task mutates shared Docker state; 156 writes per task under Stage-3 matrix would accumulate drift (see docs/analysis/mode-a-docker-confounds.md) (eval_types=['program_html'])
gitlab,444,3,3,0,0,0,1.00,4.0,True,1,0,0,0,0,0,0,False,state_mutation,BrowserGym eval uses url_match/program_html — task mutates shared Docker state; 156 writes per task under Stage-3 matrix would accumulate drift (see docs/analysis/mode-a-docker-confounds.md) (eval_types=['program_html'])
gitlab,445,3,3,0,0,0,1.00,4.0,True,1,0,0,0,0,0,0,False,state_mutation,BrowserGym eval uses url_match/program_html — task mutates shared Docker state; 156 writes per task under Stage-3 matrix would accumulate drift (see docs/analysis/mode-a-docker-confounds.md) (eval_types=['program_html'])
gitlab,446,3,3,0,0,0,1.00,1.0,True,1,0,0,0,0,0,0,False,trivial_task,Median successful step count < 3 — a11y tree contributes little (variant manipulation cannot produce measurable effect) (median=1 < 3)
gitlab,447,3,3,0,0,0,1.00,1.0,True,1,0,0,0,0,0,0,False,trivial_task,Median successful step count < 3 — a11y tree contributes little (variant manipulation cannot produce measurable effect) (median=1 < 3)
gitlab,448,3,3,0,0,0,1.00,4.0,True,1,0,0,0,0,0,0,False,state_mutation,BrowserGym eval uses url_match/program_html — task mutates shared Docker state; 156 writes per task under Stage-3 matrix would accumulate drift (see docs/analysis/mode-a-docker-confounds.md) (eval_types=['program_html'])
gitlab,449,3,3,0,0,0,1.00,4.0,True,1,0,0,0,0,0,0,False,state_mutation,BrowserGym eval uses url_match/program_html — task mutates shared Docker state; 156 writes per task under Stage-3 matrix would accumulate drift (see docs/analysis/mode-a-docker-confounds.md) (eval_types=['program_html'])
gitlab,450,3,3,0,0,0,1.00,7.0,True,1,0,0,0,0,0,0,False,state_mutation,BrowserGym eval uses url_match/program_html — task mutates shared Docker state; 156 writes per task under Stage-3 matrix would accumulate drift (see docs/analysis/mode-a-docker-confounds.md) (eval_types=['program_html'])
gitlab,451,3,3,0,0,0,1.00,6.0,True,1,0,0,0,0,0,0,False,state_mutation,BrowserGym eval uses url_match/program_html — task mutates shared Docker state; 156 writes per task under Stage-3 matrix would accumulate drift (see docs/analysis/mode-a-docker-confounds.md) (eval_types=['program_html'])
gitlab,452,3,3,0,0,0,1.00,6.0,True,1,0,0,0,0,0,0,False,state_mutation,BrowserGym eval uses url_match/program_html — task mutates shared Docker state; 156 writes per task under Stage-3 matrix would accumulate drift (see docs/analysis/mode-a-docker-confounds.md) (eval_types=['program_html'])
gitlab,475,3,3,0,0,0,1.00,1.0,True,1,0,0,0,0,0,0,False,trivial_task,Median successful step count < 3 — a11y tree contributes little (variant manipulation cannot produce measurable effect) (median=1 < 3)
gitlab,476,3,3,0,0,0,1.00,1.0,True,1,0,0,0,0,0,0,False,trivial_task,Median successful step count < 3 — a11y tree contributes little (variant manipulation cannot produce measurable effect) (median=1 < 3)
gitlab,477,3,3,0,0,0,1.00,1.0,True,1,0,0,0,0,0,0,False,trivial_task,Median successful step count < 3 — a11y tree contributes little (variant manipulation cannot produce measurable effect) (median=1 < 3)
gitlab,478,3,3,0,0,0,1.00,1.0,True,1,0,0,0,0,0,0,False,trivial_task,Median successful step count < 3 — a11y tree contributes little (variant manipulation cannot produce measurable effect) (median=1 < 3)
gitlab,479,3,3,0,0,0,1.00,1.0,True,1,0,0,0,0,0,0,False,trivial_task,Median successful step count < 3 — a11y tree contributes little (variant manipulation cannot produce measurable effect) (median=1 < 3)
gitlab,480,3,3,0,0,0,1.00,1.0,True,1,0,0,0,0,0,0,False,trivial_task,Median successful step count < 3 — a11y tree contributes little (variant manipulation cannot produce measurable effect) (median=1 < 3)
gitlab,481,3,3,0,0,0,1.00,1.0,True,1,0,0,0,0,0,0,False,trivial_task,Median successful step count < 3 — a11y tree contributes little (variant manipulation cannot produce measurable effect) (median=1 < 3)
gitlab,482,3,3,0,0,0,1.00,1.0,True,1,0,0,0,0,0,0,False,trivial_task,Median successful step count < 3 — a11y tree contributes little (variant manipulation cannot produce measurable effect) (median=1 < 3)
gitlab,483,3,3,0,0,0,1.00,1.0,True,1,0,0,0,0,0,0,False,trivial_task,Median successful step count < 3 — a11y tree contributes little (variant manipulation cannot produce measurable effect) (median=1 < 3)
gitlab,484,3,3,0,0,0,1.00,1.0,True,1,0,0,0,0,0,0,False,trivial_task,Median successful step count < 3 — a11y tree contributes little (variant manipulation cannot produce measurable effect) (median=1 < 3)
gitlab,485,3,3,0,0,0,1.00,1.0,True,1,0,0,0,0,0,0,False,trivial_task,Median successful step count < 3 — a11y tree contributes little (variant manipulation cannot produce measurable effect) (median=1 < 3)
gitlab,522,3,2,1,0,0,0.67,17.0,True,1,0,0,0,0,0,0,False,stochastic_base,<3/3 reps succeeded — baseline is non-deterministic (retained as Tier-2 reference) (2/3 success)
gitlab,523,3,3,0,0,0,1.00,1.0,True,1,0,0,0,0,0,0,False,trivial_task,Median successful step count < 3 — a11y tree contributes little (variant manipulation cannot produce measurable effect) (median=1 < 3)
gitlab,524,3,3,0,0,0,1.00,18.0,False,2,0,0,0,0,0,0,False,state_mutation,BrowserGym eval uses url_match/program_html — task mutates shared Docker state; 156 writes per task under Stage-3 matrix would accumulate drift (see docs/analysis/mode-a-docker-confounds.md) (eval_types=['program_html'])
gitlab,525,3,3,0,0,0,1.00,1.0,True,1,0,0,0,0,0,0,False,trivial_task,Median successful step count < 3 — a11y tree contributes little (variant manipulation cannot produce measurable effect) (median=1 < 3)
gitlab,526,3,3,0,0,0,1.00,1.0,True,1,0,0,0,0,0,0,False,trivial_task,Median successful step count < 3 — a11y tree contributes little (variant manipulation cannot produce measurable effect) (median=1 < 3)
gitlab,527,3,3,0,0,0,1.00,1.0,True,1,0,0,0,0,0,0,False,trivial_task,Median successful step count < 3 — a11y tree contributes little (variant manipulation cannot produce measurable effect) (median=1 < 3)
gitlab,533,3,3,0,0,0,1.00,1.0,True,1,0,0,0,0,0,0,False,trivial_task,Median successful step count < 3 — a11y tree contributes little (variant manipulation cannot produce measurable effect) (median=1 < 3)
gitlab,534,3,3,0,0,0,1.00,1.0,True,1,0,0,0,0,0,0,False,trivial_task,Median successful step count < 3 — a11y tree contributes little (variant manipulation cannot produce measurable effect) (median=1 < 3)
gitlab,535,3,3,0,0,0,1.00,1.0,True,1,0,0,0,0,0,0,False,trivial_task,Median successful step count < 3 — a11y tree contributes little (variant manipulation cannot produce measurable effect) (median=1 < 3)
gitlab,536,3,3,0,0,0,1.00,1.0,False,2,0,0,0,0,0,0,False,trivial_task,Median successful step count < 3 — a11y tree contributes little (variant manipulation cannot produce measurable effect) (median=1 < 3)
gitlab,537,3,3,0,0,0,1.00,1.0,True,1,0,0,0,0,0,0,False,trivial_task,Median successful step count < 3 — a11y tree contributes little (variant manipulation cannot produce measurable effect) (median=1 < 3)
gitlab,552,3,3,0,0,0,1.00,6.0,True,1,0,0,0,0,0,0,False,state_mutation,BrowserGym eval uses url_match/program_html — task mutates shared Docker state; 156 writes per task under Stage-3 matrix would accumulate drift (see docs/analysis/mode-a-docker-confounds.md) (eval_types=['program_html'])
gitlab,553,3,0,0,1,2,0.00,2.0,True,0,0,0,0,0,0,0,False,harness_errors,Bridge/harness errors outside agent control (2 errored reps)
gitlab,554,3,0,0,3,0,0.00,17.0,True,0,0,0,0,0,0,0,False,stochastic_base,<3/3 reps succeeded — baseline is non-deterministic (retained as Tier-2 reference) (0/3 success)
gitlab,555,3,0,0,2,1,0.00,10.0,True,0,0,0,0,0,0,0,False,harness_errors,Bridge/harness errors outside agent control (1 errored reps)
gitlab,556,3,2,1,0,0,0.67,1.0,True,1,0,0,0,0,0,0,False,stochastic_base,<3/3 reps succeeded — baseline is non-deterministic (retained as Tier-2 reference) (2/3 success)
gitlab,557,3,3,0,0,0,1.00,1.0,False,2,0,0,0,0,0,0,False,trivial_task,Median successful step count < 3 — a11y tree contributes little (variant manipulation cannot produce measurable effect) (median=1 < 3)
gitlab,558,3,1,2,0,0,0.33,30.0,True,1,0,0,0,0,0,0,False,stochastic_base,<3/3 reps succeeded — baseline is non-deterministic (retained as Tier-2 reference) (1/3 success)
gitlab,559,3,0,3,0,0,0.00,30.0,True,0,0,0,0,0,0,0,False,stochastic_base,<3/3 reps succeeded — baseline is non-deterministic (retained as Tier-2 reference) (0/3 success)
gitlab,560,3,1,2,0,0,0.33,30.0,True,1,0,0,0,0,0,0,False,stochastic_base,<3/3 reps succeeded — baseline is non-deterministic (retained as Tier-2 reference) (1/3 success)
gitlab,561,3,3,0,0,0,1.00,2.0,True,1,0,0,0,0,0,0,False,trivial_task,Median successful step count < 3 — a11y tree contributes little (variant manipulation cannot produce measurable effect) (median=2 < 3)
gitlab,562,3,0,0,3,0,0.00,5.0,True,0,0,0,0,0,0,0,False,stochastic_base,<3/3 reps succeeded — baseline is non-deterministic (retained as Tier-2 reference) (0/3 success)
gitlab,563,3,0,2,1,0,0.00,30.0,True,0,0,0,0,0,0,0,False,stochastic_base,<3/3 reps succeeded — baseline is non-deterministic (retained as Tier-2 reference) (0/3 success)
gitlab,564,3,0,2,1,0,0.00,30.0,True,0,0,0,0,0,0,0,False,stochastic_base,<3/3 reps succeeded — baseline is non-deterministic (retained as Tier-2 reference) (0/3 success)
gitlab,565,3,0,0,3,0,0.00,13.0,True,0,0,0,0,0,0,0,False,stochastic_base,<3/3 reps succeeded — baseline is non-deterministic (retained as Tier-2 reference) (0/3 success)
gitlab,566,3,1,0,2,0,0.33,24.0,True,1,0,0,0,0,0,0,False,stochastic_base,<3/3 reps succeeded — baseline is non-deterministic (retained as Tier-2 reference) (1/3 success)
gitlab,567,3,3,0,0,0,1.00,1.0,True,1,0,0,0,0,0,0,False,trivial_task,Median successful step count < 3 — a11y tree contributes little (variant manipulation cannot produce measurable effect) (median=1 < 3)
gitlab,568,3,3,0,0,0,1.00,1.0,True,1,0,0,0,0,0,0,False,trivial_task,Median successful step count < 3 — a11y tree contributes little (variant manipulation cannot produce measurable effect) (median=1 < 3)
gitlab,569,3,3,0,0,0,1.00,1.0,True,1,0,0,0,0,0,0,False,trivial_task,Median successful step count < 3 — a11y tree contributes little (variant manipulation cannot produce measurable effect) (median=1 < 3)
gitlab,570,3,3,0,0,0,1.00,1.0,True,1,0,0,0,0,0,0,False,trivial_task,Median successful step count < 3 — a11y tree contributes little (variant manipulation cannot produce measurable effect) (median=1 < 3)
gitlab,576,3,3,0,0,0,1.00,1.0,True,1,0,0,0,0,0,0,False,trivial_task,Median successful step count < 3 — a11y tree contributes little (variant manipulation cannot produce measurable effect) (median=1 < 3)
gitlab,577,3,2,1,0,0,0.67,19.0,True,1,0,0,0,0,0,0,False,stochastic_base,<3/3 reps succeeded — baseline is non-deterministic (retained as Tier-2 reference) (2/3 success)
gitlab,578,3,3,0,0,0,1.00,1.0,True,1,0,0,0,0,0,0,False,trivial_task,Median successful step count < 3 — a11y tree contributes little (variant manipulation cannot produce measurable effect) (median=1 < 3)
gitlab,579,3,3,0,0,0,1.00,1.0,True,1,0,0,0,0,0,0,False,trivial_task,Median successful step count < 3 — a11y tree contributes little (variant manipulation cannot produce measurable effect) (median=1 < 3)
gitlab,590,3,3,0,0,0,1.00,13.0,True,1,0,0,0,0,0,0,False,state_mutation,"BrowserGym eval uses url_match/program_html — task mutates shared Docker state; 156 writes per task under Stage-3 matrix would accumulate drift (see docs/analysis/mode-a-docker-confounds.md) (eval_types=['program_html', 'url_match'])"
gitlab,591,3,3,0,0,0,1.00,13.0,True,1,0,0,0,0,0,0,False,state_mutation,"BrowserGym eval uses url_match/program_html — task mutates shared Docker state; 156 writes per task under Stage-3 matrix would accumulate drift (see docs/analysis/mode-a-docker-confounds.md) (eval_types=['program_html', 'url_match'])"
gitlab,592,3,3,0,0,0,1.00,13.0,True,1,0,0,0,0,0,0,False,state_mutation,"BrowserGym eval uses url_match/program_html — task mutates shared Docker state; 156 writes per task under Stage-3 matrix would accumulate drift (see docs/analysis/mode-a-docker-confounds.md) (eval_types=['program_html', 'url_match'])"
gitlab,593,3,3,0,0,0,1.00,3.0,False,2,0,0,0,0,0,0,False,state_mutation,"BrowserGym eval uses url_match/program_html — task mutates shared Docker state; 156 writes per task under Stage-3 matrix would accumulate drift (see docs/analysis/mode-a-docker-confounds.md) (eval_types=['program_html', 'url_match'])"
gitlab,594,3,3,0,0,0,1.00,11.0,False,2,0,0,0,0,0,0,False,state_mutation,"BrowserGym eval uses url_match/program_html — task mutates shared Docker state; 156 writes per task under Stage-3 matrix would accumulate drift (see docs/analysis/mode-a-docker-confounds.md) (eval_types=['program_html', 'url_match'])"
gitlab,658,3,3,0,0,0,1.00,13.0,True,1,0,0,0,0,0,0,False,state_mutation,"BrowserGym eval uses url_match/program_html — task mutates shared Docker state; 156 writes per task under Stage-3 matrix would accumulate drift (see docs/analysis/mode-a-docker-confounds.md) (eval_types=['program_html', 'url_match'])"
gitlab,659,3,3,0,0,0,1.00,15.0,True,1,0,0,0,0,0,0,False,state_mutation,"BrowserGym eval uses url_match/program_html — task mutates shared Docker state; 156 writes per task under Stage-3 matrix would accumulate drift (see docs/analysis/mode-a-docker-confounds.md) (eval_types=['program_html', 'url_match'])"
gitlab,660,3,3,0,0,0,1.00,7.0,True,1,0,0,0,0,0,0,False,state_mutation,"BrowserGym eval uses url_match/program_html — task mutates shared Docker state; 156 writes per task under Stage-3 matrix would accumulate drift (see docs/analysis/mode-a-docker-confounds.md) (eval_types=['program_html', 'url_match'])"
gitlab,661,3,3,0,0,0,1.00,8.0,True,1,0,0,0,0,0,0,False,state_mutation,"BrowserGym eval uses url_match/program_html — task mutates shared Docker state; 156 writes per task under Stage-3 matrix would accumulate drift (see docs/analysis/mode-a-docker-confounds.md) (eval_types=['program_html', 'url_match'])"
gitlab,662,3,3,0,0,0,1.00,10.0,True,1,0,0,0,0,0,0,False,state_mutation,"BrowserGym eval uses url_match/program_html — task mutates shared Docker state; 156 writes per task under Stage-3 matrix would accumulate drift (see docs/analysis/mode-a-docker-confounds.md) (eval_types=['program_html', 'url_match'])"
gitlab,663,3,3,0,0,0,1.00,11.0,False,2,0,0,0,0,0,0,False,state_mutation,"BrowserGym eval uses url_match/program_html — task mutates shared Docker state; 156 writes per task under Stage-3 matrix would accumulate drift (see docs/analysis/mode-a-docker-confounds.md) (eval_types=['program_html', 'url_match'])"
gitlab,664,3,3,0,0,0,1.00,10.0,True,1,0,0,0,0,0,0,False,state_mutation,"BrowserGym eval uses url_match/program_html — task mutates shared Docker state; 156 writes per task under Stage-3 matrix would accumulate drift (see docs/analysis/mode-a-docker-confounds.md) (eval_types=['program_html', 'url_match'])"
gitlab,665,3,3,0,0,0,1.00,3.0,False,2,0,0,0,0,0,0,False,state_mutation,"BrowserGym eval uses url_match/program_html — task mutates shared Docker state; 156 writes per task under Stage-3 matrix would accumulate drift (see docs/analysis/mode-a-docker-confounds.md) (eval_types=['program_html', 'url_match'])"
gitlab,666,3,3,0,0,0,1.00,17.0,True,1,0,0,0,0,0,0,False,state_mutation,"BrowserGym eval uses url_match/program_html — task mutates shared Docker state; 156 writes per task under Stage-3 matrix would accumulate drift (see docs/analysis/mode-a-docker-confounds.md) (eval_types=['program_html', 'url_match'])"
gitlab,667,3,3,0,0,0,1.00,11.0,False,2,0,0,0,0,0,0,False,state_mutation,"BrowserGym eval uses url_match/program_html — task mutates shared Docker state; 156 writes per task under Stage-3 matrix would accumulate drift (see docs/analysis/mode-a-docker-confounds.md) (eval_types=['program_html', 'url_match'])"
gitlab,668,3,0,0,2,1,0.00,15.0,True,0,0,0,0,0,0,0,False,harness_errors,Bridge/harness errors outside agent control (1 errored reps)
gitlab,669,3,3,0,0,0,1.00,5.0,True,1,0,0,0,0,0,0,False,state_mutation,"BrowserGym eval uses url_match/program_html — task mutates shared Docker state; 156 writes per task under Stage-3 matrix would accumulate drift (see docs/analysis/mode-a-docker-confounds.md) (eval_types=['program_html', 'url_match'])"
gitlab,670,3,3,0,0,0,1.00,9.0,False,2,0,0,0,0,0,0,False,state_mutation,"BrowserGym eval uses url_match/program_html — task mutates shared Docker state; 156 writes per task under Stage-3 matrix would accumulate drift (see docs/analysis/mode-a-docker-confounds.md) (eval_types=['program_html', 'url_match'])"
gitlab,736,3,3,0,0,0,1.00,10.0,True,1,0,0,0,0,0,0,False,state_mutation,BrowserGym eval uses url_match/program_html — task mutates shared Docker state; 156 writes per task under Stage-3 matrix would accumulate drift (see docs/analysis/mode-a-docker-confounds.md) (eval_types=['program_html'])
gitlab,742,3,0,1,2,0,0.00,14.0,True,0,0,0,0,0,0,0,False,stochastic_base,<3/3 reps succeeded — baseline is non-deterministic (retained as Tier-2 reference) (0/3 success)
gitlab,743,3,2,0,1,0,0.67,19.0,True,1,0,0,0,0,0,0,False,stochastic_base,<3/3 reps succeeded — baseline is non-deterministic (retained as Tier-2 reference) (2/3 success)
gitlab,744,3,2,0,1,0,0.67,19.0,True,1,0,0,0,0,0,0,False,stochastic_base,<3/3 reps succeeded — baseline is non-deterministic (retained as Tier-2 reference) (2/3 success)
gitlab,745,3,3,0,0,0,1.00,1.0,True,1,0,0,0,0,0,0,False,trivial_task,Median successful step count < 3 — a11y tree contributes little (variant manipulation cannot produce measurable effect) (median=1 < 3)
gitlab,746,3,3,0,0,0,1.00,1.0,True,1,0,0,0,0,0,0,False,trivial_task,Median successful step count < 3 — a11y tree contributes little (variant manipulation cannot produce measurable effect) (median=1 < 3)
gitlab,747,3,3,0,0,0,1.00,1.0,True,1,0,0,0,0,0,0,False,trivial_task,Median successful step count < 3 — a11y tree contributes little (variant manipulation cannot produce measurable effect) (median=1 < 3)
gitlab,748,3,3,0,0,0,1.00,1.0,True,1,0,0,0,0,0,0,False,trivial_task,Median successful step count < 3 — a11y tree contributes little (variant manipulation cannot produce measurable effect) (median=1 < 3)
gitlab,749,3,3,0,0,0,1.00,1.0,True,1,0,0,0,0,0,0,False,trivial_task,Median successful step count < 3 — a11y tree contributes little (variant manipulation cannot produce measurable effect) (median=1 < 3)
gitlab,750,3,3,0,0,0,1.00,1.0,True,1,0,0,0,0,0,0,False,trivial_task,Median successful step count < 3 — a11y tree contributes little (variant manipulation cannot produce measurable effect) (median=1 < 3)
gitlab,751,3,3,0,0,0,1.00,1.0,True,1,0,0,0,0,0,0,False,trivial_task,Median successful step count < 3 — a11y tree contributes little (variant manipulation cannot produce measurable effect) (median=1 < 3)
gitlab,752,3,3,0,0,0,1.00,13.0,True,1,0,0,0,0,0,0,False,state_mutation,BrowserGym eval uses url_match/program_html — task mutates shared Docker state; 156 writes per task under Stage-3 matrix would accumulate drift (see docs/analysis/mode-a-docker-confounds.md) (eval_types=['program_html'])
gitlab,753,3,3,0,0,0,1.00,1.0,True,1,0,0,0,0,0,0,False,trivial_task,Median successful step count < 3 — a11y tree contributes little (variant manipulation cannot produce measurable effect) (median=1 < 3)
gitlab,754,3,3,0,0,0,1.00,1.0,True,1,0,0,0,0,0,0,False,trivial_task,Median successful step count < 3 — a11y tree contributes little (variant manipulation cannot produce measurable effect) (median=1 < 3)
gitlab,755,3,3,0,0,0,1.00,1.0,True,1,0,0,0,0,0,0,False,trivial_task,Median successful step count < 3 — a11y tree contributes little (variant manipulation cannot produce measurable effect) (median=1 < 3)
gitlab,756,3,3,0,0,0,1.00,1.0,True,1,0,0,0,0,0,0,False,trivial_task,Median successful step count < 3 — a11y tree contributes little (variant manipulation cannot produce measurable effect) (median=1 < 3)
gitlab,783,3,0,0,3,0,0.00,17.0,True,0,0,0,0,0,0,0,False,stochastic_base,<3/3 reps succeeded — baseline is non-deterministic (retained as Tier-2 reference) (0/3 success)
gitlab,784,3,3,0,0,0,1.00,5.0,True,1,0,0,0,0,0,0,True,included,Base-solvable task (passes all gates; used in Stage 3 manipulation)
gitlab,785,3,3,0,0,0,1.00,7.0,True,1,0,0,0,0,0,0,True,included,Base-solvable task (passes all gates; used in Stage 3 manipulation)
gitlab,786,3,0,0,0,3,0.00,3.0,True,0,0,0,0,0,0,0,False,harness_errors,Bridge/harness errors outside agent control (3 errored reps)
gitlab,787,3,3,0,0,0,1.00,3.0,True,1,0,0,0,0,0,0,False,trivial_ref,All must_include tokens are ≤2 chars or canned (yes/no/done/...) — substring-match false positives are asymmetric under manipulation (confused agent answers still match) — all must_include tokens trivially guessable: '0'
gitlab,788,3,3,0,0,0,1.00,6.0,True,1,0,0,0,0,0,0,True,included,Base-solvable task (passes all gates; used in Stage 3 manipulation)
gitlab,789,3,3,0,0,0,1.00,8.0,True,1,0,0,0,0,0,0,False,trivial_ref,All must_include tokens are ≤2 chars or canned (yes/no/done/...) — substring-match false positives are asymmetric under manipulation (confused agent answers still match) — all must_include tokens trivially guessable: 'N/A'
gitlab,791,3,0,0,3,0,0.00,9.0,True,0,0,0,0,0,0,0,False,stochastic_base,<3/3 reps succeeded — baseline is non-deterministic (retained as Tier-2 reference) (0/3 success)
gitlab,799,3,3,0,0,0,1.00,1.0,True,1,0,0,0,0,0,0,False,trivial_task,Median successful step count < 3 — a11y tree contributes little (variant manipulation cannot produce measurable effect) (median=1 < 3)
gitlab,800,3,3,0,0,0,1.00,1.0,True,1,0,0,0,0,0,0,False,trivial_task,Median successful step count < 3 — a11y tree contributes little (variant manipulation cannot produce measurable effect) (median=1 < 3)
gitlab,801,3,3,0,0,0,1.00,1.0,True,1,0,0,0,0,0,0,False,trivial_task,Median successful step count < 3 — a11y tree contributes little (variant manipulation cannot produce measurable effect) (median=1 < 3)
gitlab,802,3,3,0,0,0,1.00,1.0,True,1,0,0,0,0,0,0,False,trivial_task,Median successful step count < 3 — a11y tree contributes little (variant manipulation cannot produce measurable effect) (median=1 < 3)
gitlab,803,3,3,0,0,0,1.00,1.0,True,1,0,0,0,0,0,0,False,trivial_task,Median successful step count < 3 — a11y tree contributes little (variant manipulation cannot produce measurable effect) (median=1 < 3)
gitlab,804,3,1,0,2,0,0.33,16.0,True,1,0,0,0,0,0,0,False,stochastic_base,<3/3 reps succeeded — baseline is non-deterministic (retained as Tier-2 reference) (1/3 success)
gitlab,805,3,3,0,0,0,1.00,7.0,True,1,0,0,0,0,0,0,False,state_mutation,"BrowserGym eval uses url_match/program_html — task mutates shared Docker state; 156 writes per task under Stage-3 matrix would accumulate drift (see docs/analysis/mode-a-docker-confounds.md) (eval_types=['program_html', 'url_match'])"
gitlab,806,3,3,0,0,0,1.00,12.0,False,2,0,0,0,0,0,0,False,state_mutation,"BrowserGym eval uses url_match/program_html — task mutates shared Docker state; 156 writes per task under Stage-3 matrix would accumulate drift (see docs/analysis/mode-a-docker-confounds.md) (eval_types=['program_html', 'url_match'])"
gitlab,807,3,3,0,0,0,1.00,9.0,False,2,0,0,0,0,0,0,False,state_mutation,"BrowserGym eval uses url_match/program_html — task mutates shared Docker state; 156 writes per task under Stage-3 matrix would accumulate drift (see docs/analysis/mode-a-docker-confounds.md) (eval_types=['program_html', 'url_match'])"
gitlab,808,3,0,3,0,0,0.00,30.0,True,0,0,0,0,0,0,0,False,stochastic_base,<3/3 reps succeeded — baseline is non-deterministic (retained as Tier-2 reference) (0/3 success)
gitlab,809,3,3,0,0,0,1.00,11.0,True,1,0,0,0,0,0,0,False,state_mutation,"BrowserGym eval uses url_match/program_html — task mutates shared Docker state; 156 writes per task under Stage-3 matrix would accumulate drift (see docs/analysis/mode-a-docker-confounds.md) (eval_types=['program_html', 'url_match'])"
gitlab,810,3,3,0,0,0,1.00,6.0,True,1,0,0,0,0,0,0,False,state_mutation,BrowserGym eval uses url_match/program_html — task mutates shared Docker state; 156 writes per task under Stage-3 matrix would accumulate drift (see docs/analysis/mode-a-docker-confounds.md) (eval_types=['program_html'])
gitlab,811,3,3,0,0,0,1.00,7.0,True,1,0,0,0,0,0,0,False,state_mutation,BrowserGym eval uses url_match/program_html — task mutates shared Docker state; 156 writes per task under Stage-3 matrix would accumulate drift (see docs/analysis/mode-a-docker-confounds.md) (eval_types=['program_html'])
reddit,27,3,3,0,0,0,1.00,7.0,True,1,0,0,0,0,0,0,False,trivial_ref,All must_include tokens are ≤2 chars or canned (yes/no/done/...) — substring-match false positives are asymmetric under manipulation (confused agent answers still match) — all must_include tokens trivially guessable: '0'
reddit,28,3,1,0,0,2,0.33,9.0,True,1,0,0,0,0,0,0,False,harness_errors,Bridge/harness errors outside agent control (2 errored reps)
reddit,29,3,1,0,0,2,0.33,8.0,True,1,0,0,0,0,0,0,False,harness_errors,Bridge/harness errors outside agent control (2 errored reps)
reddit,30,3,3,0,0,0,1.00,7.0,True,1,0,0,0,0,0,0,False,trivial_ref,All must_include tokens are ≤2 chars or canned (yes/no/done/...) — substring-match false positives are asymmetric under manipulation (confused agent answers still match) — all must_include tokens trivially guessable: '0'
reddit,31,3,3,0,0,0,1.00,9.0,True,1,0,0,0,0,0,0,False,trivial_ref,All must_include tokens are ≤2 chars or canned (yes/no/done/...) — substring-match false positives are asymmetric under manipulation (confused agent answers still match) — all must_include tokens trivially guessable: '0'
reddit,66,3,0,0,0,3,0.00,11.0,True,0,0,0,0,0,0,0,False,harness_errors,Bridge/harness errors outside agent control (3 errored reps)
reddit,67,3,2,0,0,1,0.67,5.0,False,2,0,0,0,0,0,0,False,harness_errors,Bridge/harness errors outside agent control (1 errored reps)
reddit,68,3,0,0,0,3,0.00,7.0,True,0,0,0,0,0,0,0,False,harness_errors,Bridge/harness errors outside agent control (3 errored reps)
reddit,69,3,3,0,0,0,1.00,4.0,False,3,0,0,0,0,0,0,True,included,Base-solvable task (passes all gates; used in Stage 3 manipulation)
reddit,399,3,3,0,0,0,1.00,5.0,True,1,0,0,0,0,0,0,False,state_mutation,BrowserGym eval uses url_match/program_html — task mutates shared Docker state; 156 writes per task under Stage-3 matrix would accumulate drift (see docs/analysis/mode-a-docker-confounds.md) (eval_types=['program_html'])
reddit,400,3,3,0,0,0,1.00,5.0,True,1,0,0,0,0,0,0,False,state_mutation,BrowserGym eval uses url_match/program_html — task mutates shared Docker state; 156 writes per task under Stage-3 matrix would accumulate drift (see docs/analysis/mode-a-docker-confounds.md) (eval_types=['program_html'])
reddit,401,3,3,0,0,0,1.00,5.0,True,1,0,0,0,0,0,0,False,state_mutation,BrowserGym eval uses url_match/program_html — task mutates shared Docker state; 156 writes per task under Stage-3 matrix would accumulate drift (see docs/analysis/mode-a-docker-confounds.md) (eval_types=['program_html'])
reddit,402,3,3,0,0,0,1.00,5.0,True,1,0,0,0,0,0,0,False,state_mutation,BrowserGym eval uses url_match/program_html — task mutates shared Docker state; 156 writes per task under Stage-3 matrix would accumulate drift (see docs/analysis/mode-a-docker-confounds.md) (eval_types=['program_html'])
reddit,403,3,3,0,0,0,1.00,5.0,True,1,0,0,0,0,0,0,False,state_mutation,BrowserGym eval uses url_match/program_html — task mutates shared Docker state; 156 writes per task under Stage-3 matrix would accumulate drift (see docs/analysis/mode-a-docker-confounds.md) (eval_types=['program_html'])
reddit,404,3,3,0,0,0,1.00,1.0,False,2,0,0,0,0,0,0,False,trivial_task,Median successful step count < 3 — a11y tree contributes little (variant manipulation cannot produce measurable effect) (median=1 < 3)
reddit,405,3,3,0,0,0,1.00,1.0,True,1,0,0,0,0,0,0,False,trivial_task,Median successful step count < 3 — a11y tree contributes little (variant manipulation cannot produce measurable effect) (median=1 < 3)
reddit,406,3,3,0,0,0,1.00,4.0,True,1,0,0,0,0,0,0,False,state_mutation,BrowserGym eval uses url_match/program_html — task mutates shared Docker state; 156 writes per task under Stage-3 matrix would accumulate drift (see docs/analysis/mode-a-docker-confounds.md) (eval_types=['program_html'])
reddit,407,3,1,0,0,2,0.33,3.0,True,1,0,0,0,0,1,0,False,goto_timeout,Playwright Page.goto() timed out on start_url (1/3 reps)
reddit,408,3,2,0,0,1,0.67,5.0,True,1,0,0,0,0,0,0,False,harness_errors,Bridge/harness errors outside agent control (1 errored reps)
reddit,409,3,3,0,0,0,1.00,1.0,False,2,0,0,0,0,0,0,False,trivial_task,Median successful step count < 3 — a11y tree contributes little (variant manipulation cannot produce measurable effect) (median=1 < 3)
reddit,410,3,0,0,3,0,0.00,12.0,True,0,0,0,0,0,0,0,False,stochastic_base,<3/3 reps succeeded — baseline is non-deterministic (retained as Tier-2 reference) (0/3 success)
reddit,580,3,3,0,0,0,1.00,1.0,True,1,0,0,0,0,0,0,False,trivial_task,Median successful step count < 3 — a11y tree contributes little (variant manipulation cannot produce measurable effect) (median=1 < 3)
reddit,581,3,3,0,0,0,1.00,1.0,True,1,0,0,0,0,0,0,False,trivial_task,Median successful step count < 3 — a11y tree contributes little (variant manipulation cannot produce measurable effect) (median=1 < 3)
reddit,582,3,3,0,0,0,1.00,1.0,True,1,0,0,0,0,0,0,False,trivial_task,Median successful step count < 3 — a11y tree contributes little (variant manipulation cannot produce measurable effect) (median=1 < 3)
reddit,583,3,3,0,0,0,1.00,1.0,True,1,0,0,0,0,0,0,False,trivial_task,Median successful step count < 3 — a11y tree contributes little (variant manipulation cannot produce measurable effect) (median=1 < 3)
reddit,584,3,3,0,0,0,1.00,10.0,True,1,0,0,0,0,0,0,False,state_mutation,BrowserGym eval uses url_match/program_html — task mutates shared Docker state; 156 writes per task under Stage-3 matrix would accumulate drift (see docs/analysis/mode-a-docker-confounds.md) (eval_types=['program_html'])
reddit,595,3,3,0,0,0,1.00,4.0,False,2,0,0,0,0,0,0,False,state_mutation,"BrowserGym eval uses url_match/program_html — task mutates shared Docker state; 156 writes per task under Stage-3 matrix would accumulate drift (see docs/analysis/mode-a-docker-confounds.md) (eval_types=['program_html', 'url_match'])"
reddit,596,3,3,0,0,0,1.00,1.0,True,1,0,0,0,0,0,0,False,trivial_task,Median successful step count < 3 — a11y tree contributes little (variant manipulation cannot produce measurable effect) (median=1 < 3)
reddit,597,3,2,0,1,0,0.67,1.0,True,1,0,0,0,0,1,0,False,goto_timeout,Playwright Page.goto() timed out on start_url (1/3 reps)
reddit,598,3,3,0,0,0,1.00,3.0,True,1,0,0,0,0,1,0,False,goto_timeout,Playwright Page.goto() timed out on start_url (1/3 reps)
reddit,599,3,0,0,1,2,0.00,3.0,True,0,0,0,0,0,1,0,False,goto_timeout,Playwright Page.goto() timed out on start_url (1/3 reps)
reddit,600,3,3,0,0,0,1.00,6.0,False,2,0,0,0,0,0,0,False,state_mutation,"BrowserGym eval uses url_match/program_html — task mutates shared Docker state; 156 writes per task under Stage-3 matrix would accumulate drift (see docs/analysis/mode-a-docker-confounds.md) (eval_types=['program_html', 'url_match'])"
reddit,601,3,3,0,0,0,1.00,5.0,True,1,0,0,0,0,0,0,False,state_mutation,"BrowserGym eval uses url_match/program_html — task mutates shared Docker state; 156 writes per task under Stage-3 matrix would accumulate drift (see docs/analysis/mode-a-docker-confounds.md) (eval_types=['program_html', 'url_match'])"
reddit,602,3,3,0,0,0,1.00,1.0,False,2,0,0,0,0,0,0,False,trivial_task,Median successful step count < 3 — a11y tree contributes little (variant manipulation cannot produce measurable effect) (median=1 < 3)
reddit,603,3,2,0,0,1,0.67,7.0,False,2,0,0,0,0,0,0,False,harness_errors,Bridge/harness errors outside agent control (1 errored reps)
reddit,604,3,2,0,1,0,0.67,5.0,False,2,0,0,0,0,0,0,False,stochastic_base,<3/3 reps succeeded — baseline is non-deterministic (retained as Tier-2 reference) (2/3 success)
reddit,605,3,3,0,0,0,1.00,1.0,False,2,0,0,0,0,0,0,False,trivial_task,Median successful step count < 3 — a11y tree contributes little (variant manipulation cannot produce measurable effect) (median=1 < 3)
reddit,606,3,0,0,0,3,0.00,3.0,True,0,0,0,0,0,0,0,False,harness_errors,Bridge/harness errors outside agent control (3 errored reps)
reddit,607,3,2,0,0,1,0.67,6.0,True,1,0,0,0,0,0,0,False,harness_errors,Bridge/harness errors outside agent control (1 errored reps)
reddit,608,3,0,0,1,2,0.00,3.0,True,0,0,0,0,0,1,0,False,goto_timeout,Playwright Page.goto() timed out on start_url (1/3 reps)
reddit,609,3,3,0,0,0,1.00,2.0,True,1,0,0,0,0,0,0,False,trivial_task,Median successful step count < 3 — a11y tree contributes little (variant manipulation cannot produce measurable effect) (median=2 < 3)
reddit,610,3,2,0,1,0,0.67,7.0,True,1,0,0,0,0,0,0,False,stochastic_base,<3/3 reps succeeded — baseline is non-deterministic (retained as Tier-2 reference) (2/3 success)
reddit,611,3,1,0,2,0,0.33,7.0,True,1,0,0,0,0,0,0,False,stochastic_base,<3/3 reps succeeded — baseline is non-deterministic (retained as Tier-2 reference) (1/3 success)
reddit,612,3,1,2,0,0,0.33,30.0,True,1,0,0,0,0,0,0,False,stochastic_base,<3/3 reps succeeded — baseline is non-deterministic (retained as Tier-2 reference) (1/3 success)
reddit,613,3,3,0,0,0,1.00,7.0,False,2,0,0,0,0,0,0,False,state_mutation,"BrowserGym eval uses url_match/program_html — task mutates shared Docker state; 156 writes per task under Stage-3 matrix would accumulate drift (see docs/analysis/mode-a-docker-confounds.md) (eval_types=['program_html', 'url_match'])"
reddit,614,3,0,1,1,1,0.00,14.0,True,0,0,0,0,0,0,0,False,harness_errors,Bridge/harness errors outside agent control (1 errored reps)
reddit,615,3,2,0,1,0,0.67,10.0,True,1,0,0,0,0,1,0,False,goto_timeout,Playwright Page.goto() timed out on start_url (1/3 reps)
reddit,616,3,2,0,1,0,0.67,10.0,True,1,0,0,0,0,0,0,False,stochastic_base,<3/3 reps succeeded — baseline is non-deterministic (retained as Tier-2 reference) (2/3 success)
reddit,617,3,0,0,3,0,0.00,3.0,True,0,0,0,0,0,3,0,False,goto_timeout,Playwright Page.goto() timed out on start_url (3/3 reps)
reddit,618,3,0,1,0,2,0.00,26.0,True,0,0,0,0,0,0,0,False,harness_errors,Bridge/harness errors outside agent control (2 errored reps)
reddit,619,3,2,0,1,0,0.67,18.0,True,1,0,0,0,0,0,0,False,stochastic_base,<3/3 reps succeeded — baseline is non-deterministic (retained as Tier-2 reference) (2/3 success)
reddit,620,3,3,0,0,0,1.00,2.0,True,1,0,0,0,0,0,0,False,trivial_task,Median successful step count < 3 — a11y tree contributes little (variant manipulation cannot produce measurable effect) (median=2 < 3)
reddit,621,3,3,0,0,0,1.00,6.0,True,1,0,0,0,0,0,0,False,state_mutation,"BrowserGym eval uses url_match/program_html — task mutates shared Docker state; 156 writes per task under Stage-3 matrix would accumulate drift (see docs/analysis/mode-a-docker-confounds.md) (eval_types=['program_html', 'url_match'])"
reddit,622,3,3,0,0,0,1.00,6.0,False,2,0,0,0,0,0,0,False,state_mutation,"BrowserGym eval uses url_match/program_html — task mutates shared Docker state; 156 writes per task under Stage-3 matrix would accumulate drift (see docs/analysis/mode-a-docker-confounds.md) (eval_types=['program_html', 'url_match'])"
reddit,623,3,3,0,0,0,1.00,7.0,False,2,0,0,0,0,0,0,False,state_mutation,"BrowserGym eval uses url_match/program_html — task mutates shared Docker state; 156 writes per task under Stage-3 matrix would accumulate drift (see docs/analysis/mode-a-docker-confounds.md) (eval_types=['program_html', 'url_match'])"
reddit,624,3,3,0,0,0,1.00,6.0,True,1,0,0,0,0,0,0,False,state_mutation,"BrowserGym eval uses url_match/program_html — task mutates shared Docker state; 156 writes per task under Stage-3 matrix would accumulate drift (see docs/analysis/mode-a-docker-confounds.md) (eval_types=['program_html', 'url_match'])"
reddit,625,3,1,0,2,0,0.33,8.0,True,1,0,0,0,0,0,0,False,stochastic_base,<3/3 reps succeeded — baseline is non-deterministic (retained as Tier-2 reference) (1/3 success)
reddit,626,3,1,0,1,1,0.33,7.0,True,1,0,0,0,0,0,0,False,harness_errors,Bridge/harness errors outside agent control (1 errored reps)
reddit,627,3,3,0,0,0,1.00,7.0,False,2,0,0,0,0,0,0,False,state_mutation,"BrowserGym eval uses url_match/program_html — task mutates shared Docker state; 156 writes per task under Stage-3 matrix would accumulate drift (see docs/analysis/mode-a-docker-confounds.md) (eval_types=['program_html', 'url_match'])"
reddit,628,3,3,0,0,0,1.00,7.0,True,1,0,0,0,0,0,0,False,state_mutation,"BrowserGym eval uses url_match/program_html — task mutates shared Docker state; 156 writes per task under Stage-3 matrix would accumulate drift (see docs/analysis/mode-a-docker-confounds.md) (eval_types=['program_html', 'url_match'])"
reddit,629,3,3,0,0,0,1.00,7.0,True,1,0,0,0,0,0,0,False,state_mutation,"BrowserGym eval uses url_match/program_html — task mutates shared Docker state; 156 writes per task under Stage-3 matrix would accumulate drift (see docs/analysis/mode-a-docker-confounds.md) (eval_types=['program_html', 'url_match'])"
reddit,630,3,0,0,1,2,0.00,3.0,True,0,0,0,0,0,1,0,False,goto_timeout,Playwright Page.goto() timed out on start_url (1/3 reps)
reddit,631,3,1,0,0,2,0.33,3.0,True,1,0,0,0,0,0,0,False,harness_errors,Bridge/harness errors outside agent control (2 errored reps)
reddit,632,3,2,0,0,1,0.67,9.0,True,1,0,0,0,0,0,0,False,harness_errors,Bridge/harness errors outside agent control (1 errored reps)
reddit,633,3,1,0,0,2,0.33,4.0,True,1,0,0,0,0,0,0,False,harness_errors,Bridge/harness errors outside agent control (2 errored reps)
reddit,634,3,2,0,0,1,0.67,4.0,False,2,0,0,0,0,0,0,False,harness_errors,Bridge/harness errors outside agent control (1 errored reps)
reddit,635,3,3,0,0,0,1.00,6.0,False,2,0,0,0,0,0,0,False,state_mutation,"BrowserGym eval uses url_match/program_html — task mutates shared Docker state; 156 writes per task under Stage-3 matrix would accumulate drift (see docs/analysis/mode-a-docker-confounds.md) (eval_types=['program_html', 'url_match'])"
reddit,636,3,3,0,0,0,1.00,9.0,False,2,0,0,0,0,0,0,False,state_mutation,"BrowserGym eval uses url_match/program_html — task mutates shared Docker state; 156 writes per task under Stage-3 matrix would accumulate drift (see docs/analysis/mode-a-docker-confounds.md) (eval_types=['program_html', 'url_match'])"
reddit,637,3,3,0,0,0,1.00,7.0,True,1,0,0,0,0,0,0,False,state_mutation,"BrowserGym eval uses url_match/program_html — task mutates shared Docker state; 156 writes per task under Stage-3 matrix would accumulate drift (see docs/analysis/mode-a-docker-confounds.md) (eval_types=['program_html', 'url_match'])"
reddit,638,3,2,0,0,1,0.67,7.0,False,2,0,0,0,0,0,0,False,harness_errors,Bridge/harness errors outside agent control (1 errored reps)
reddit,639,3,3,0,0,0,1.00,9.0,False,2,0,0,0,0,0,0,False,state_mutation,"BrowserGym eval uses url_match/program_html — task mutates shared Docker state; 156 writes per task under Stage-3 matrix would accumulate drift (see docs/analysis/mode-a-docker-confounds.md) (eval_types=['program_html', 'url_match'])"
reddit,640,3,3,0,0,0,1.00,7.0,False,2,0,0,0,0,0,0,False,state_mutation,"BrowserGym eval uses url_match/program_html — task mutates shared Docker state; 156 writes per task under Stage-3 matrix would accumulate drift (see docs/analysis/mode-a-docker-confounds.md) (eval_types=['program_html', 'url_match'])"
reddit,641,3,3,0,0,0,1.00,1.0,False,2,0,0,0,0,0,0,False,trivial_task,Median successful step count < 3 — a11y tree contributes little (variant manipulation cannot produce measurable effect) (median=1 < 3)
reddit,642,3,3,0,0,0,1.00,9.0,True,1,0,0,0,0,0,0,False,state_mutation,"BrowserGym eval uses url_match/program_html — task mutates shared Docker state; 156 writes per task under Stage-3 matrix would accumulate drift (see docs/analysis/mode-a-docker-confounds.md) (eval_types=['program_html', 'url_match'])"
reddit,643,3,0,0,0,3,0.00,11.0,True,0,0,0,0,0,0,0,False,harness_errors,Bridge/harness errors outside agent control (3 errored reps)
reddit,644,3,1,0,1,1,0.33,9.0,True,1,0,0,0,0,1,0,False,goto_timeout,Playwright Page.goto() timed out on start_url (1/3 reps)
reddit,645,3,3,0,0,0,1.00,7.0,True,1,0,0,0,0,0,0,False,state_mutation,"BrowserGym eval uses url_match/program_html — task mutates shared Docker state; 156 writes per task under Stage-3 matrix would accumulate drift (see docs/analysis/mode-a-docker-confounds.md) (eval_types=['program_html', 'url_match'])"
reddit,646,3,0,0,0,3,0.00,3.0,True,0,0,0,0,0,0,0,False,harness_errors,Bridge/harness errors outside agent control (3 errored reps)
reddit,647,3,2,0,0,1,0.67,9.0,True,1,0,0,0,0,0,0,False,harness_errors,Bridge/harness errors outside agent control (1 errored reps)
reddit,648,3,0,0,2,1,0.00,3.0,True,0,0,0,0,0,2,0,False,goto_timeout,Playwright Page.goto() timed out on start_url (2/3 reps)
reddit,649,3,1,0,0,2,0.33,4.0,True,1,0,0,0,0,0,0,False,harness_errors,Bridge/harness errors outside agent control (2 errored reps)
reddit,650,3,3,0,0,0,1.00,2.0,True,1,0,0,0,0,0,0,False,trivial_task,Median successful step count < 3 — a11y tree contributes little (variant manipulation cannot produce measurable effect) (median=2 < 3)
reddit,651,3,3,0,0,0,1.00,2.0,True,1,0,0,0,0,0,0,False,trivial_task,Median successful step count < 3 — a11y tree contributes little (variant manipulation cannot produce measurable effect) (median=2 < 3)
reddit,652,3,3,0,0,0,1.00,1.0,True,1,0,0,0,0,0,0,False,trivial_task,Median successful step count < 3 — a11y tree contributes little (variant manipulation cannot produce measurable effect) (median=1 < 3)
reddit,681,3,0,0,3,0,0.00,1.0,True,0,0,0,0,0,0,0,False,stochastic_base,<3/3 reps succeeded — baseline is non-deterministic (retained as Tier-2 reference) (0/3 success)
reddit,682,3,0,0,3,0,0.00,1.0,True,0,0,0,0,0,0,0,False,stochastic_base,<3/3 reps succeeded — baseline is non-deterministic (retained as Tier-2 reference) (0/3 success)
reddit,683,3,0,0,3,0,0.00,1.0,True,0,0,0,0,0,0,0,False,stochastic_base,<3/3 reps succeeded — baseline is non-deterministic (retained as Tier-2 reference) (0/3 success)
reddit,684,3,0,0,3,0,0.00,1.0,True,0,0,0,0,0,0,0,False,stochastic_base,<3/3 reps succeeded — baseline is non-deterministic (retained as Tier-2 reference) (0/3 success)
reddit,685,3,0,0,3,0,0.00,1.0,True,0,0,0,0,0,0,0,False,stochastic_base,<3/3 reps succeeded — baseline is non-deterministic (retained as Tier-2 reference) (0/3 success)
reddit,686,3,2,0,0,1,0.67,8.0,True,1,0,0,0,0,0,0,False,harness_errors,Bridge/harness errors outside agent control (1 errored reps)
reddit,687,3,2,0,1,0,0.67,8.0,True,1,0,0,0,0,0,0,False,stochastic_base,<3/3 reps succeeded — baseline is non-deterministic (retained as Tier-2 reference) (2/3 success)
reddit,688,3,3,0,0,0,1.00,8.0,True,1,0,0,0,0,0,0,False,state_mutation,"BrowserGym eval uses url_match/program_html — task mutates shared Docker state; 156 writes per task under Stage-3 matrix would accumulate drift (see docs/analysis/mode-a-docker-confounds.md) (eval_types=['program_html', 'url_match'])"
reddit,714,3,3,0,0,0,1.00,1.0,True,1,0,0,0,0,0,0,False,trivial_task,Median successful step count < 3 — a11y tree contributes little (variant manipulation cannot produce measurable effect) (median=1 < 3)
reddit,715,3,3,0,0,0,1.00,7.0,True,1,0,0,0,0,0,0,False,state_mutation,BrowserGym eval uses url_match/program_html — task mutates shared Docker state; 156 writes per task under Stage-3 matrix would accumulate drift (see docs/analysis/mode-a-docker-confounds.md) (eval_types=['program_html'])
reddit,716,3,3,0,0,0,1.00,1.0,True,1,0,0,0,0,0,0,False,trivial_task,Median successful step count < 3 — a11y tree contributes little (variant manipulation cannot produce measurable effect) (median=1 < 3)
reddit,717,3,3,0,0,0,1.00,1.0,True,1,0,0,0,0,0,0,False,trivial_task,Median successful step count < 3 — a11y tree contributes little (variant manipulation cannot produce measurable effect) (median=1 < 3)
reddit,718,3,3,0,0,0,1.00,1.0,True,1,0,0,0,0,0,0,False,trivial_task,Median successful step count < 3 — a11y tree contributes little (variant manipulation cannot produce measurable effect) (median=1 < 3)
reddit,719,3,3,0,0,0,1.00,1.0,True,1,0,0,0,0,0,0,False,trivial_task,Median successful step count < 3 — a11y tree contributes little (variant manipulation cannot produce measurable effect) (median=1 < 3)
reddit,720,3,0,0,1,2,0.00,3.0,True,0,0,0,0,0,1,0,False,goto_timeout,Playwright Page.goto() timed out on start_url (1/3 reps)
reddit,721,3,0,0,0,3,0.00,2.0,True,0,0,0,0,0,0,0,False,harness_errors,Bridge/harness errors outside agent control (3 errored reps)
reddit,722,3,0,0,0,3,0.00,2.0,True,0,0,0,0,0,0,0,False,harness_errors,Bridge/harness errors outside agent control (3 errored reps)
reddit,723,3,0,0,0,3,0.00,2.0,True,0,0,0,0,0,0,0,False,harness_errors,Bridge/harness errors outside agent control (3 errored reps)
reddit,724,3,0,0,2,1,0.00,12.0,True,0,0,0,0,0,0,0,False,harness_errors,Bridge/harness errors outside agent control (1 errored reps)
reddit,725,3,3,0,0,0,1.00,1.0,True,1,0,0,0,0,1,0,False,goto_timeout,Playwright Page.goto() timed out on start_url (1/3 reps)
reddit,726,3,1,0,0,2,0.33,3.0,True,1,0,0,0,0,0,0,False,harness_errors,Bridge/harness errors outside agent control (2 errored reps)
reddit,727,3,1,0,0,2,0.33,4.0,True,1,0,0,0,0,0,0,False,harness_errors,Bridge/harness errors outside agent control (2 errored reps)
reddit,728,3,3,0,0,0,1.00,1.0,True,1,0,0,0,0,0,0,False,trivial_task,Median successful step count < 3 — a11y tree contributes little (variant manipulation cannot produce measurable effect) (median=1 < 3)
reddit,729,3,1,0,0,2,0.33,2.0,True,1,0,0,0,0,0,0,False,harness_errors,Bridge/harness errors outside agent control (2 errored reps)
reddit,730,3,1,0,2,0,0.33,12.0,True,1,0,0,0,0,1,0,False,goto_timeout,Playwright Page.goto() timed out on start_url (1/3 reps)
reddit,731,3,3,0,0,0,1.00,1.0,True,1,0,0,0,0,0,0,False,trivial_task,Median successful step count < 3 — a11y tree contributes little (variant manipulation cannot produce measurable effect) (median=1 < 3)
reddit,732,3,2,0,0,1,0.67,4.0,True,1,0,0,0,0,0,0,False,harness_errors,Bridge/harness errors outside agent control (1 errored reps)
reddit,733,3,3,0,0,0,1.00,1.0,True,1,0,0,0,0,0,0,False,trivial_task,Median successful step count < 3 — a11y tree contributes little (variant manipulation cannot produce measurable effect) (median=1 < 3)
reddit,734,3,3,0,0,0,1.00,1.0,True,1,0,0,0,0,0,0,False,trivial_task,Median successful step count < 3 — a11y tree contributes little (variant manipulation cannot produce measurable effect) (median=1 < 3)
reddit,735,3,3,0,0,0,1.00,1.0,True,1,0,0,0,0,0,0,False,trivial_task,Median successful step count < 3 — a11y tree contributes little (variant manipulation cannot produce measurable effect) (median=1 < 3)
